<application>
  <component name="RemoteServers">
    <remote-server name="Killr" type="docker">
      <configuration>
        <option name="apiUrl" value="unix:///var/run/docker.sock" />
        <option name="certificatesPath" />
      </configuration>
    </remote-server>
    <remote-server name="DDD" type="docker">
      <configuration>
        <option name="apiUrl" value="unix:///var/run/docker.sock" />
        <option name="certificatesPath" />
      </configuration>
    </remote-server>
  </component>
</application>